Tipo;Distribuidora;DscModalidadeTarifaria;DscSubGrupo;Fora ponta (R$/kWh);Ponta (R$/kWh);Ponta / Fora ponta (x);Data de referência
Concessionária;CPFL Paulista;Azul;A2;0,36745;0,5265;1,4328480065315008;2026-10-06
Concessionária;CPFL Paulista;Azul;A3;0,40123;0,56028;1,3964060513919698;2026-10-06
Concessionária;CPFL Paulista;Azul;A3a;0,43698000000000004;0,59604;1,3639983523273376;2026-10-06
Concessionária;CPFL Paulista;Azul;A4;0,43698000000000004;0,59604;1,3639983523273376;2026-10-06
Concessionária;CPFL Paulista;Verde;A3a;0,43698000000000004;1,78345;4,081308069019177;2026-10-06
Concessionária;CPFL Paulista;Verde;A4;0,43698000000000004;1,78345;4,081308069019177;2026-10-06
Concessionária;CPFL Piratininga;Azul;A2;0,3993;0,5899800000000001;1,477535687453043;2026-10-06
Concessionária;CPFL Piratininga;Azul;A4;0,45176000000000005;0,6424400000000001;1,4220825216929345;2026-10-06
Concessionária;CPFL Piratininga;Verde;A4;0,45176000000000005;1,45735;3,2259385514432437;2026-10-06
Concessionária;CPFL Santa Cruz;Azul;A2;0,32815;0,46747999999999995;1,4245924120067042;2026-10-06
Concessionária;CPFL Santa Cruz;Azul;A3;0,35192;0,49124999999999996;1,395913844055467;2026-10-06
Concessionária;CPFL Santa Cruz;Azul;A3a;0,39534;0,53468;1,3524561137248952;2026-10-06
Concessionária;CPFL Santa Cruz;Azul;A4;0,39534;0,53468;1,3524561137248952;2026-10-06
Concessionária;CPFL Santa Cruz;Verde;A3a;0,39534;2,19835;5,5606566499721755;2026-10-06
Concessionária;CPFL Santa Cruz;Verde;A4;0,39534;2,19835;5,5606566499721755;2026-10-06
Concessionária;EDP SP (Bandeirante);Azul;A2;0,39066999999999996;0,57047;1,460234980930197;2026-10-06
Concessionária;EDP SP (Bandeirante);Azul;A3a;0,45128;0,63108;1,3984222655557523;2026-10-06
Concessionária;EDP SP (Bandeirante);Azul;A4;0,45128;0,63108;1,3984222655557523;2026-10-06
Concessionária;EDP SP (Bandeirante);Verde;A3a;0,45128;1,81466;4,021139868817586;2026-10-06
Concessionária;EDP SP (Bandeirante);Verde;A4;0,45128;1,81466;4,021139868817586;2026-10-06
Concessionária;Elektro;Azul;A2;0,40680000000000005;0,59277;1,4571533923303834;2026-10-06
Concessionária;Elektro;Azul;A3;0,45121;0,63718;1,4121584184747678;2026-10-06
Concessionária;Elektro;Azul;A3a;0,48258;0,66856;1,3853868788594639;2026-10-06
Concessionária;Elektro;Azul;A4;0,48258;0,66856;1,3853868788594639;2026-10-06
Concessionária;Elektro;Verde;A3a;0,48258;2,20394;4,566994073521488;2026-10-06
Concessionária;Elektro;Verde;A4;0,48258;2,20394;4,566994073521488;2026-10-06
Concessionária;Enel SP (ex-Eletropaulo);Azul;A2;0,39676;0,5773;1,4550357898981754;2026-10-06
Concessionária;Enel SP (ex-Eletropaulo);Azul;A3a;0,4525;0,63304;1,3989834254143647;2026-10-06
Concessionária;Enel SP (ex-Eletropaulo);Azul;A4;0,4525;0,63304;1,3989834254143647;2026-10-06
Concessionária;Enel SP (ex-Eletropaulo);Azul;AS;0,5146200000000001;0,69516;1,3508219657222804;2026-10-06
Concessionária;Enel SP (ex-Eletropaulo);Verde;A3a;0,4525;1,40483;3,104596685082873;2026-10-06
Concessionária;Enel SP (ex-Eletropaulo);Verde;A4;0,4525;1,40483;3,104596685082873;2026-10-06
Concessionária;Enel SP (ex-Eletropaulo);Verde;AS;0,5146200000000001;3,1923399999999997;6,2032956356146265;2026-10-06
Cooperativa;CEDRAP;Azul;A4;0,36626000000000003;0,36626000000000003;1,0;2026-10-06
Cooperativa;CEDRAP;Verde;A4;0,36626000000000003;3,35622;9,163490416643914;2026-10-06
Cooperativa;CEMIRIM;Azul;A4;0,38939999999999997;0,38939999999999997;1,0;2026-10-06
Cooperativa;CEMIRIM;Verde;A4;0,38939999999999997;1,1821199999999998;3,0357473035439138;2026-10-06
Cooperativa;CERIM;Azul;A4;0,36143000000000003;0,36143000000000003;1,0;2026-10-06
Cooperativa;CERIM;Verde;A4;0,36143000000000003;2,30045;6,364856265390255;2026-10-06
Cooperativa;CERIPa;Azul;A4;0,32492;0,32492;1,0;2026-10-06
Cooperativa;CERIPa;Verde;A4;0,32492;2,66907;8,214545118798474;2026-10-06
Cooperativa;CERIS;Azul;A4;0,50015;0,50015;1,0;2026-10-06
Cooperativa;CERIS;Verde;A4;0,50015;2,2912;4,581025692292312;2026-10-06
Cooperativa;CERMC;Azul;A4;0,45811999999999997;0,45811999999999997;1,0;2026-10-06
Cooperativa;CERMC;Verde;A4;0,45811999999999997;2,25981;4,932790535230944;2026-10-06
Cooperativa;CERPRO;Azul;A4;0,32787;0,32787;1,0;2026-10-06
Cooperativa;CERPRO;Verde;A4;0,32787;2,33651;7,126330557843048;2026-10-06
Cooperativa;CERRP;Azul;A4;0,29581999999999997;0,29581999999999997;1,0;2026-10-06
Cooperativa;CERRP;Verde;A4;0,29581999999999997;2,4707399999999997;8,35217361909269;2026-10-06
Cooperativa;CETRIL;Azul;A4;0,36517;0,36517;1,0;2026-10-06
Cooperativa;CETRIL;Verde;A4;0,36517;2,26999;6,216255442670537;2026-10-06
